{
  "name": "bootstrap-material-datetimepicker",
  "description": ".",
  "version": "2.7.1",
  "keywords": [
    "css",
    "js",
    "mobile-first",
    "responsive",
    "front-end",
    "web"
  ],
  "homepage": "https://github.com/t00rk/bootstrap-material-datetimepicker",
  "main": [
    "js/bootstrap-material-datetimepicker.js",
    "css/bootstrap-material-datetimepicker.css"
  ],
  "ignore": [
    "/.*",
    "_config.yml",
    "CNAME",
    "composer.json",
    "CONTRIBUTING.md",
    "docs",
    "js/tests",
    "test-infra"
  ],
  "dependencies": {
    "momentjs": "~2.10.2",
    "bootstrap": "~3.3.4",
    "jquery": "1.12.3",
    "bootstrap-material-design": "~0.3.0"
  },
  "_release": "2.7.1",
  "_resolution": {
    "type": "version",
    "tag": "2.7.1",
    "commit": "2ad055d64cb03ce2aa04f9c2869d4ad81d68bb7d"
  },
  "_source": "https://github.com/t00rk/bootstrap-material-datepicker.git",
  "_target": "2.7.1",
  "_originalSource": "bootstrap-material-datetimepicker",
  "_direct": true
}